ticker,fiscal_year,snapshot_date,version_tag,unit_scale,currency_code,net_sales,total_assets,selling_expenses,general_admin_expenses,manufacturing_overhead,raw_material_consumption,merchandise_purchase_year,wip_goods_purchase,outside_manufacturing_expenses,production_cost,net_operating_income,rnd_expenses,intangible_assets_net,inventory,net_ppe,total_equity,total_liabilities,cash_and_equivalents,long_term_debt,current_assets,current_liabilities,net_income,growth_ratio,net_cfo,capex,net_cfi,shares_outstanding,share_price,market_value_equity,dividend_cash_paid,eps_basic,managerial_inside_own,state_own,institutional_own,foreign_own,employees_count,firm_age,product_innovation,process_innovation,evidence_note
AAT,2020,2020-12-31,v1,billion,VND,287.1,579.86,2.57,9.7,81.89,1.59,236.74,0.0,43.64,87.93,13.41,,7.06,16.99,290.42,424.93,154.93,19.73,62.75,172.58,92.18,14.04,-0.95,1.02,-95.12,35.26,34800000,,118.67,0.0,403.0,0.1662,0.0,0.0,0.0,55,25,0,1,"The company extensively applies modern equipment, including automatic fabric cutting machines, automated programming systems, and management software, to improve processes and increase production speed."
AAT,2021,2021-12-31,v1,billion,VND,473.17,976.61,2.16,13.2,161.37,0.16,415.23,0.0,129.47,178.93,33.05,,8.5,17.82,426.43,668.74,307.88,93.32,192.17,343.22,115.7,28.81,0.6481,48.15,-296.96,-296.75,63801489,,217.56,-33.05,820.0,0.0931,0.0,0.0055,0.0004,7500,26,0,1,"The company invested in advanced equipment such as large-scale programmable machines, automatic fiber filling systems, and automatic fabric cutting machines, applying modern technologies to increase production speed and reduce manual operations."
AAT,2022,2022-12-31,v1,billion,VND,961.63,1053.45,2.49,17.0,104.15,0.64,807.88,0.0,64.8,165.71,112.47,,6.8,14.11,173.37,731.48,321.96,15.81,109.22,443.75,212.74,89.03,1.0322,-238.47,-412.95,147.99,63801489,,217.56,0.0,1395.0,0.151,0.0,0.0,0.0017,2000,27,0,1,"The company implemented a range of management improvements, including ISO 9001:2015 and ISO 14001:2015 systems, 5S practices, increased automation, and redesigned HR processes with KPI-based performance evaluation."
AAT,2023,2023-12-31,v1,billion,VND,599.35,1011.34,5.84,11.68,126.12,2.22,,4.1,75.17,186.43,6.51,,5.91,27.58,125.16,707.62,303.72,2.08,75.77,468.06,227.95,-2.47,-0.95,41.39,0.0,-36.01,70819103,,241.49,0.0,-35.0,0.1645,0.0,0.0,0.0079,800,28,0,1,"The company improved production by implementing ISO 9001:2015 and ISO 14001:2015 systems, promoting LEAN software and 5S practices, investing in modern automatic fabric cutting machines, and using solar energy to reduce waste."
AAT,2024,2026-03-29,v1,billion,VND,583.01,1334.27,11.29,34.41,170.15,4.59,353.28,0.01,89.9,212.6,-10.76,,0.0,13.27,75.33,725.39,608.88,11.51,408.67,338.2,200.2,-8.31,-0.95,-67.64,27.39,34.72,70819103,,241.49,200.2,-118.0,0.151,0.0,0.0,0.0,300,29,1,1,"AAT expanded into new sectors including industrial cluster investment, trading, services, and tourism, while shifting from simple outsourcing to a full-package manufacturing model (FOB)."
ABS,2020,2020-12-31,v1,billion,VND,1103.96,1170.1,8.04,9.01,0.0,0.0,-9.34,0.0,0.0,0.0,59.13,,9.05,5.25,6.22,435.29,734.81,2.56,0.29,864.48,734.52,47.91,0.13954,-272.39,-0.06,16.89,42560127,,166.98,-14.37,1280.0,0.2053,0.0,0.3019,0.0002,54,45,1,0,"The company expanded into new business areas, including warehouse leasing, frozen food distribution, and real estate."
ABS,2021,2021-12-31,v1,billion,VND,1198.65,1592.95,6.79,8.97,0.0,0.0,1155.15,0.0,0.0,0.0,82.03,,8.75,20.2,4.26,926.4,666.55,3.14,0.39,1282.11,666.16,65.35,0.8577,-562.81,-125.31,21.49,42560127,,189.82,-39.95,788.0,0.01978,0.0,0.013,0.0,63,46,1,0,The company announced its participation in developing a new real estate project as a 5-star hotel and resort apartment complex (Fivestar Odyssey) in Vũng Tàu.
ABS,2022,2022-12-31,v1,billion,VND,1605.34,16692.71,6.05,14.03,12.05,0.46,1502.24,0.0,1.28,20.08,35.68,,8.46,5.14,6.35,905.68,763.59,3.56,1.18,1356.96,762.42,22.54,0.3392,-60.7,-2.81,-2.05,80000000,,361.6,0.0,268.0,0.1981,0.0,0.0029,0.0,63,47,0,0,
ABS,2023,2023-12-31,v1,billion,VND,1025.22,1579.21,5.85,38.77,36.9,0.31,984.23,0.0,0.89,44.62,22.72,,8.16,3.74,5.67,913.96,665.24,1.78,0.94,1121.66,664.3,8.29,-0.95,-454.58,-10.97,434.15,80000000,,361.6,-39.96,98.0,0.1295,0.0,0.0013,2e-05,44,48,0,0,
ABS,2024,2026-03-29,v1,billion,VND,396.14,1001.59,4.98,-17.83,-19.56,0.38,390.01,0.0,0.83,-12.85,11.28,,4.69,1.87,5.06,916.4,85.19,0.12,0.7,946.36,84.49,2.44,-0.95,460.52,,71.04,80000000,,361.6,0.0,30.0,0.1258,0.0,0.005,1.5e-05,40,49,0,0,
ADP,2020,2020-12-31,v1,billion,VND,572.34,329.76,25.57,22.85,39.51,420.89,429.76,0.0,18.08,503.94,98.2,,17.94,87.29,56.71,268.42,61.34,15.89,0.0,253.75,61.34,78.4,0.0494,48.46,-2.86,1.03,15359914,,149.67,-38.06,5104.0,0.5112,0.0,0.0,0.0,170,56,1,1,"Launched multiple high-quality new products, including durable industrial coatings to meet market demand, while investing in advanced production technologies and building a new factory in Long An, which is now fully operational."
ADP,2021,2021-12-31,v1,billion,VND,414.64,330.93,17.99,17.52,35.66,317.01,322.98,2.73,14.87,385.99,62.29,,17.46,71.59,42.76,278.07,52.86,10.56,0.0,270.71,52.86,49.58,-0.95,36.09,-0.21,4.44,23039500,,592.92,-37.94,2575.0,0.5113,0.0,0.0,0.0,155,57,1,1,"The company expanded production and business of new products for civil and construction applications in 2022, while completing and putting into operation a new factory in Hải Sơn Industrial Park (Long An), equipped with advanced production technologies."
ADP,2022,2022-12-31,v1,billion,VND,587.39,358.5,22.95,23.82,39.77,491.74,498.24,0.09,8.75,576.37,50.41,,16.97,74.33,33.41,274.34,84.17,10.75,0.0,307.98,,40.05,0.04166,38.05,1.66,3.71,23039850,,592.93,-41.59,1738.0,0.4485,0.0,0.0,0.0,146,58,1,1,"The company plans to develop and commercialize new products while investing in advanced technologies to meet future demand, alongside further investment in machinery and equipment to enhance and expand production at the new Hải Sơn (Long An) factory."
ADP,2023,2023-12-31,v1,billion,VND,516.21,3813.33,15.44,20.39,31.69,443.88,416.64,47.82,10.1,509.54,73.84,,16.49,124.18,26.1,287.19,94.14,18.51,0.0,338.67,94.14,58.93,-0.95,43.74,-0.32,8.06,23039850,,589.89,-44.03,2558.0,0.4502,0.0,0.0001,0.0083,150,59,1,1,"The company introduced new coating products such as zinc paint, economical PU paint, and anti-fingerprint coatings, while upgrading processes through investment in new grinding machines and packaging lines."
ADP,2024,2026-03-29,v1,billion,VND,817.85,3553.89,18.73,39.02,31.84,675.59,0.1,0.0,10.25,767.65,106.9,,16.0,137.24,21.15,272.36,83.02,9.76,0.0,318.23,83.02,85.31,0.5843,51.98,-1.74,32.33,23039850,,589.89,-93.07,3703.0,0.4502,0.0,0.008,0.0084,165,60,1,1,"The company plans to launch new coating products, including zinc paint, economical PU paint, anti-fingerprint coatings, and low heavy-metal coatings, while continuing process improvements through investment in new grinding machines and packaging lines."
ADS,2020,2020-12-31,v1,billion,VND,1339.01,1837.89,10.75,22.38,153.89,582.33,1207.74,364.4,101.4,791.88,13.74,,1.01,474.92,272.84,422.14,1415.75,36.51,97.89,1519.09,1317.85,24.44,-0.95,-18.38,-24.96,51.38,28069450,,236.34,0.0,750.0,0.3258,0.0,0.1416,0.0,665,14,0,0,
ADS,2021,2021-12-31,v1,billion,VND,1513.15,1985.17,17.07,39.3,180.13,761.71,1339.47,407.43,117.86,1010.97,109.58,,0.91,568.43,223.84,583.9,1401.27,126.89,101.8,1605.94,1299.46,100.49,0.13,125.15,-28.36,-59.91,38069450,,320.54,-33.32,2952.0,0.3629,0.0,0.033,0.0157,679,15,1,1,"During the year, the company focused on increasing fiber production capacity and advancing ongoing real estate projects, while installing rooftop solar power systems at Gia Lễ and Nguyễn Đức Cảnh industrial zones and investing in infrastructure for An Ninh Industrial Park to support renewable energy development."
ADS,2022,2022-12-31,v1,billion,VND,1692.56,2181.69,17.22,30.0,143.29,815.88,106.41,362.06,65.3,1063.99,49.05,,0.82,448.38,179.51,657.09,1524.6,54.66,159.87,1670.19,1364.73,74.94,0.1185,139.82,-144.82,-311.18,43799034,,368.79,-10.5,1705.0,0.2421,0.0,0.0153,0.0167,587,16,1,0,"In 2022, through its affiliated company, the company expanded its green energy business by introducing a new product—solar panels."
ADS,2023,2023-12-31,v1,billion,VND,164.85,2503.79,13.26,36.54,259.73,625.42,1288.94,437.49,168.64,938.07,88.54,,0.72,518.21,155.9,918.25,1585.54,152.05,112.61,1945.39,1472.93,74.99,-0.95,-97.98,85.03,-17.85,58394727,,491.68,-7.18,1120.0,0.3583,0.0,0.0104,0.0033,373,17,0,0,
ADS,2024,2026-03-29,v1,billion,VND,1628.96,2603.85,11.5,36.21,177.93,899.35,1457.95,375.94,91.12,1132.06,56.34,,0.63,535.35,116.54,957.32,1646.52,271.99,33.27,1986.84,1613.25,55.13,-0.78,160.68,-96.78,-202.81,76394727,,337.66,89.54,667.0,0.2566,0.0,0.0385,0.0014,411,18,0,1,"The 2024 annual report highlights improvements in production through the adoption of the 5S model in management processes, reducing waste and enhancing productivity for over 300 factory workers."
BAX,2020,2020-12-31,v1,billion,VND,311.3,868.62,0.0,22.97,138.99,1.12,95.35,32.8,18.08,155.5,176.53,,0.0,34.61,32.98,279.59,589.03,90.06,447.65,401.43,141.38,145.59,5.0,72.57,10.55,-46.75,8200000,,313.11,-55.22,16.99,0.0034,0.0,0.7374,0.0794,44,16,1,1,"The company expanded into residential real estate and services, developing townhouses, villas, and worker housing (Block CC6) in the industrial service center, while investing in a booster pumping station and upgrading environmental prevention and response infrastructure."
BAX,2021,2021-12-31,v1,billion,VND,171.91,828.37,0.0,24.09,143.55,0.93,62.13,67.08,18.73,160.9,61.89,,0.0,69.56,30.64,226.42,601.96,53.8,465.16,363.07,136.8,60.33,-0.95,34.45,12.42,46.09,8200000,,302.39,-116.8,6777.0,0.0003,0.0,0.7788,0.1274,44,17,1,1,"xpansion into residential and service development beyond industrial land leasing, while the company continued operating and upgrading water supply and wastewater treatment systems, delivering over 1.5 million m³ of water to enterprises in the industrial park."
BAX,2022,2022-12-31,v1,billion,VND,232.29,767.76,0.0,26.06,98.46,1.11,117.58,0.0,34.37,117.41,75.81,,0.0,15.91,27.62,245.09,522.67,86.15,483.31,306.3,39.36,64.66,5.0,72.15,57.72,1.76,8200000,,302.39,-41.57,7301.0,0.0003,0.0,0.8094,0.1547,44,18,1,1,"The company continued completing service center subprojects to support the living needs of experts and workers in the industrial park, while maintaining and optimizing infrastructure systems and supplying over 1.2 million m³ of stable clean water to partners."
BAX,2023,2023-12-31,v1,billion,VND,74.52,724.83,0.0,22.2,42.89,0.6,3.41,0.0,14.65,58.64,36.86,,0.0,13.85,25.52,210.66,514.17,6.5,469.13,270.29,45.05,28.77,-0.95,-3.6,10.39,-35.13,8200000,,302.39,-40.91,3015.0,0.0004,0.0,0.8212,0.16573,43,19,1,1,"The company began operating and generating revenue from new offerings, including worker housing, a kindergarten, and commercial service units, while planning upgrades to the industrial park’s wastewater treatment plant (phase 2, 4,000 m³/day), along with independent collection and discharge systems."
BAX,2024,2026-03-29,v1,billion,VND,72.99,724.33,0.0,20.12,36.03,0.52,46.34,0.0,16.49,51.37,33.55,,0.0,57.63,23.84,210.44,513.89,10.1,454.98,300.18,58.91,26.58,-0.95,21.83,29.25,21.83,8200000,,302.39,-20.55,3183.0,0.0,0.0,0.8208,0.1656,43,20,1,1,"The company plans to acquire 5–10 hectares of land for new real estate projects and continue leasing service center facilities (kindergarten, healthcare, cultural and educational services), while maintaining stable operations of wastewater treatment, collection systems, and booster stations to optimize utilities for tenants."
BCF,2020,2020-12-31,v1,billion,VND,591.64,393.76,39.65,23.64,172.03,248.92,419.71,22.43,138.31,499.34,115.81,,0.23,89.01,57.09,274.71,119.05,53.85,0.0,316.06,119.05,92.98,0.103486,69.82,8.88,74.93,21083725,,574.94,9.17,4830.0,0.1051,0.0,0.2442,0.0512,645,46,1,1,"The company set strategic directions to invest in R&D for new products to meet market demand and boost revenue and profits, while strengthening trade promotion and upgrading production lines and technologies. It also invested in modern, synchronized equipment to automate processes, reduce manual work, and improve output and product quality."
BCF,2021,2021-12-31,v1,billion,VND,511.69,406.56,45.5,22.85,85.97,296.83,391.82,17.26,55.67,454.04,59.47,12.3,0.23,94.45,44.5,302.71,103.85,55.82,0.21,323.36,103.65,53.8,-0.95,64.6,24.79,10.12,25300423,,802.26,43.34,2126.0,0.1051,0.0,0.2442,0.0512,662,47,1,1,"The company maintained its focus on developing new products and enhancing quality, while promoting trade activities. Notably, in 2021 it invested nearly VND 21 billion in a 30-ton/hour boiler to reduce production disruption risks. It also continued investing in modern, synchronized technologies and equipment to advance automation and increase output."
BCF,2022,2022-12-31,v1,billion,VND,697.87,452.08,58.3,25.73,101.81,405.86,502.94,28.01,70.26,589.92,119.36,12.3,0.23,105.08,75.36,339.02,113.06,84.28,0.23,358.94,112.83,108.16,0.266781,81.4,27.56,8.94,27830412,,671.87,51.64,3887.0,0.1045,0.0,0.245,0.0525,670,48,1,1,"The company’s development plan includes investing in R&D to diversify new products for market demand, while the Board approved new production lines and equipment upgrades to enhance efficiency and innovation. It also pursues continuous investment in modern technologies and equipment to drive automation and improve productivity."
BCF,2023,2023-12-31,v1,billion,VND,594.36,481.41,42.41,26.67,96.89,350.42,453.7,23.36,66.42,521.74,80.13,,0.23,104.43,66.0,353.59,127.82,79.35,0.34,346.35,127.48,63.49,-0.95,70.99,61.76,52.85,32283180,,907.16,47.87,1992.0,0.1045,0.0,0.2465,0.061,685,49,1,1,"The company aims to innovate packaging and product design, further develop existing products, and diversify new offerings to meet market demand, while investing in synchronized equipment to enhance output and quality. It also continues upgrading technologies and modern equipment to automate processes and reduce manual work."
BCF,2024,2026-03-29,v1,billion,VND,761.89,646.64,50.57,30.43,89.66,466.1,567.61,28.45,62.73,655.15,126.46,,0.26,112.84,70.44,395.38,251.26,93.49,85.02,406.72,166.24,103.25,0.219882,129.66,100.74,140.58,33897213,,1355.89,57.79,3046.0,0.1045,0.0,0.2465,0.061,690,50,1,1,"The company’s development plan focuses on improving packaging and design, enhancing existing product lines, and diversifying new products to meet market demand, while maintaining stable factory operations, upgrading technology, improving quality, and optimizing costs; notably, the Bich Chi 2 Food Factory is in final acceptance and equipment installation for operation readiness."
BMC,2020,2020-12-31,v1,billion,VND,225.74,228.61,10.25,24.52,90.85,87.47,171.21,0.0,12.95,206.81,20.34,,186.18,82.87,42.43,202.22,26.39,4.03,0.0,165.16,25.21,14.89,0.1819,-13.71,7.68,23.66,1239263000,,13403.87,9.91,120200.0,0.98,0.25,0.6562,0.2132,224,35,1,1,"The company accelerated the development and commercialization of deep-processed products, while undertaking a comprehensive restructuring by shifting from a two-tier management model (company–workshop) to a three-tier structure (company–factory/enterprise–workshop)."
BMC,2021,2021-12-31,v1,billion,VND,137.44,243.51,4.71,13.47,50.91,74.48,96.39,0.47,7.28,155.59,21.6,,209.59,90.56,33.92,208.11,35.4,79.54,0.0,188.75,35.4,17.44,-0.95,80.17,3.6,-3.59,1239263000,,24164.39,9.91,140700.0,0.98,0.25,0.5131,0.673,197,36,0,1,"The company actively implemented technical improvements to reduce energy and fuel consumption, while beginning to use renewable energy to partially replace fossil fuels."
BMC,2022,2022-12-31,v1,billion,VND,183.08,239.09,9.73,13.92,66.99,65.91,139.64,0.66,13.76,167.34,26.45,,211.58,59.63,27.51,217.61,21.48,72.3,0.0,190.02,21.48,21.34,0.332,58.31,4.72,-47.23,1239263000,,12512.84,19.83,172200.0,0.98,0.25,0.5221,0.623,191,37,0,1,"The company continued improving slag processing lines and implemented measures to reduce electricity consumption per unit of output, thereby lowering production costs."
BMC,2023,2023-12-31,v1,billion,VND,179.94,250.78,6.43,16.87,60.31,101.67,130.52,0.0,12.71,187.18,30.52,,222.79,77.1,27.99,228.31,22.47,45.74,0.0,201.4,22.47,24.2,-0.95,-11.05,7.83,-4.75,1239263000,,16129.01,,195300.0,0.98,0.25,0.5375,0.619,196,38,0,0,
BMC,2024,2026-03-29,v1,billion,VND,195.32,257.04,6.66,19.54,65.2,118.54,141.51,0.16,13.16,209.83,32.12,,232.15,97.31,24.89,236.79,20.25,45.36,0.0,211.05,20.25,25.54,0.0855,6.2,3.17,6.7,1239263000,,24544.84,14.25,206100.0,0.98,0.25,0.5222,0.51,199,39,1,0,The company conducted a pre-feasibility study for a ferromanganese project as a basis for diversifying its product portfolio.
BRC,2020,2020-12-31,v1,billion,VND,28866.99,294.08,36.45,9.54,56.94,162.21,13.53,4.56,9.8,259.53,26.15,,0.0,79.74,85.56,206.66,87.43,13.57,0.0,178.83,87.43,21.12,0.0695,6.26,2.9,2.47,12374997,,96.96,12.35,170700.0,0.0017,0.6871,0.9085,0.0038,199,45,1,1,"The company researched and applied new reinforcement fabrics for conveyor belts to improve appearance and meet customer requirements, while adjusting production technology for oil-resistant belts to reduce blister defects and enhance adhesion."
BRC,2021,2021-12-31,v1,billion,VND,348.08,311.35,38.78,12.07,61.43,190.88,9.96,5.92,13.13,298.5,26.91,,0.0,79.47,81.29,211.54,99.81,14.67,0.0,201.18,99.81,21.7,0.2058,14.21,13.11,15.09,12374997,,146.97,10.14,175300.0,0.0017,0.6871,0.9085,0.0038,225,46,1,1,"The company successfully improved vulcanized belt splicing for conveyor belts, enhancing appearance and extending lifespan up to three times, while implementing a “3-on-site” production model and equipping materials to ensure pandemic safety."
BRC,2022,2022-12-31,v1,billion,VND,338.06,309.23,39.16,10.44,59.0,204.01,13.68,4.3,12.47,306.09,23.79,,0.0,86.77,72.98,210.3,98.93,22.81,0.0,208.38,98.93,18.62,-0.95,16.72,6.6,2.79,12374997,,97.89,17.15,150500.0,0.0017,0.6871,0.9085,0.0038,221,47,1,1,"The company optimized the adhesive formulation for steel-core conveyor belt splicing, increasing added value by 10–15% and improving joint quality, while converting DC motors to AC motors to reduce repair costs and prevent production disruptions."
BRC,2023,2023-12-31,v1,billion,VND,332.24,290.61,34.87,11.31,56.48,187.88,15.87,3.51,14.29,285.82,24.4,,0.0,77.95,64.86,209.81,80.8,25.76,0.0,197.18,80.8,19.42,-0.95,40.01,5.57,4.02,12374997,,126.71,15.68,156900.0,0.0017,0.6871,0.9085,0.0038,205,48,1,1,"The company researched and applied a new rubber compound formula and established production technology for ribbed conveyor belts, while deploying data display systems across workshops to support gradual digital transformation in manufacturing."
BRC,2024,2026-03-29,v1,billion,VND,419.05,309.09,41.85,14.15,63.72,244.46,34.35,7.21,16.11,366.29,27.02,,0.0,89.94,56.08,212.58,96.51,29.53,0.0,224.6,96.51,21.75,0.2613,22.86,5.93,5.92,12374997,,163.65,13.58,175800.0,0.0017,0.6871,0.9085,0.0038,231,49,1,1,"The company developed a new compound formula for L-shaped rubber profiles with 50 Shore A hardness and 76 rebound, while investing in time and process monitoring systems integrated with barcodes to track production."
DHP,2020,2020-12-31,v1,billion,VND,266.52,195.88,5.18,14.34,48.43,231.48,220.2,0.71,2.14,,13.31,,141.79,96.71,54.08,162.38,33.49,9.31,,120.15,33.19,13.31,-0.95,33.97,2.27,-2.27,9492200,,58.77,9.49,124300.0,0.244,,,,193,16,1,1,"The company approved investment in R&D for a new five-blade ceiling fan model, while applying and maintaining the ISO 9001:2015 quality management system and 5S practices supported by JICA."
DHP,2021,2021-12-31,v1,billion,VND,261.82,214.5,4.96,13.81,56.0,226.74,231.41,0.0,8.32,,15.23,,165.11,101.38,49.39,164.74,49.76,6.65,,143.99,49.66,15.23,-0.95,5.48,2.01,-2.01,9492200,,88.37,9.49,130400.0,0.244,,,,183,17,1,1,"The company continued developing and refining its five-blade ceiling fan line with competitive pricing, while improving quality, increasing labor productivity, and reducing costs to enhance competitiveness during the COVID-19 pandemic."
DHP,2022,2022-12-31,v1,billion,VND,263.22,231.5,5.91,15.2,62.52,224.22,245.46,0.65,0.98,,16.86,,184.31,122.62,47.19,168.6,62.9,16.98,0.0,162.35,62.9,16.86,0.53,15.33,4.63,-4.63,9492200,,89.02,9.49,146400.0,0.2196,,,,163,18,1,1,"The Board of Directors directed investment in developing four new products for 2023—400 retractable fan, 400 wall fan, 230 wall fan, and 450 industrial floor fan—while promoting OEM manufacturing and diversifying export channels."
DHP,2023,2023-12-31,v1,billion,VND,228.93,211.97,4.6,14.9,67.18,192.12,189.17,0.21,1.21,,15.48,,167.11,119.67,44.86,171.28,40.7,5.48,0.0,145.57,40.7,15.48,-0.95,7.41,2.48,-2.48,9492200,,85.87,9.49,134400.0,0.3678,,,,170,19,1,1,"The company diversified its assembly product portfolio with 40 Phong Lan fan models, 51 Gale models, 15 imported Mitsubishi models, and over 15 fan cage designs, while upgrading technical and quality control (KCS) teams to address quality issues and prevent mass defects."
DHP,2024,2026-03-29,v1,billion,VND,237.78,194.41,4.05,14.39,72.57,202.72,191.95,0.0,1.99,,14.51,,154.31,108.9,40.1,174.41,20.0,12.36,0.0,133.38,20.0,14.51,0.0387,22.31,0.54,-0.54,9492200,,94.15,9.49,139100.0,0.3678,,,,150,20,1,1,"The company successfully developed new competitive Gale industrial fan models, boosting output in markets such as Hai Phong and Da Nang, while identifying risks from new materials and enforcing thorough testing, trial runs, and stricter workforce management to reduce warranty rates."
DQC,2020,2020-12-31,v1,billion,VND,940.22,1409.65,156.17,82.54,262.02,427.69,589.84,0.33,169.46,844.04,16.26,,1119.3,305.74,22.76,923.19,486.46,112.89,53.7,930.83,432.76,18.26,0.1398,48.92,124.09,-58.55,27558066,,468.21,27.56,574.0,0.1962,0.0,0.0097,0.00266,1136,47,1,1,"The company restructured into five specialized segments—lighting, home appliances, electrical equipment, solar energy, and smart control—while transforming from a pure manufacturer into a technology solutions provider, implementing over 30 automation projects to enhance efficiency and generate significant cost savings."
DQC,2021,2021-12-31,v1,billion,VND,733.76,1410.15,144.76,81.25,146.19,401.86,495.34,0.45,52.88,689.24,24.65,,1141.6,372.4,17.75,944.43,465.72,56.51,51.83,914.89,413.89,22.76,-0.95,-35.98,31.13,-47.5,27558066,,871.25,0.0,787.0,0.1962,0.0,0.0097,0.00266,1085,48,1,1,"The company manufactures PCBA and engineering plastic components meeting UL and CE standards, while applying DMS software to enhance customer service efficiency and reduce warranty processing time to 7 days."
DQC,2022,2022-12-31,v1,billion,VND,989.64,1485.09,198.48,94.75,227.0,551.96,553.67,2.73,56.67,935.28,13.92,,1240.81,462.43,9.56,933.96,551.13,20.36,32.11,1012.02,519.02,14.85,0.3362,-80.84,7.18,-4.79,27558066,,468.49,0.0,499.0,0.1958,0.0,0.00683,0.00095,948,49,1,1,"The company developed comprehensive smart lighting systems for real estate and smart cities (winning Smart City awards), while adopting modern production management and digital transformation in supporting industries to tightly control costs and product quality."
DQC,2023,2023-12-31,v1,billion,VND,859.02,1444.06,203.27,103.63,278.15,414.23,516.6,1.24,190.85,833.89,-36.61,,1204.23,340.11,30.0,900.54,543.52,22.59,9.71,998.36,533.81,-33.41,-0.95,-27.09,4.54,-8.48,27558066,,417.5,0.0,-124800.0,0.1954,0.0,0.0082,0.00074,661,50,1,1,"The company expanded artistic lighting solutions for public projects such as Ben Tre Museum, Ben Thanh Market, and Vinh walking street, while successfully implementing phase one of the Smart Factory initiative across the group."
DQC,2024,2026-03-29,v1,billion,VND,813.63,1209.92,104.68,185.51,254.15,399.62,489.16,1.95,51.77,753.0,-123.58,,993.75,289.14,30.0,778.64,431.28,35.57,5.88,763.11,425.4,-121.91,-0.95,139.52,1.04,-12.68,27558066,,347.23,0.0,-4447.0,0.1954,0.0,0.00034,0.00061,262,51,1,1,"The company strengthened R&D, partnerships, and the supply of smart, eco-friendly products and solutions to support Net Zero emission goals, while restructuring existing distribution channels to improve marketing and sales efficiency."
DTT,2020,2020-12-31,v1,billion,VND,157.4,168.41,7.5,6.69,30.35,86.09,131.24,0.0,13.03,146.44,10.14,0.0,18.37,28.66,56.74,124.37,44.04,43.22,0.51,91.2,43.53,8.71,-0.95,34.24,-3.75,-3.68,8151820,,101.9,-5.74,1.069,0.3306,0.0,0.0,0.0,223,17,1,1,"Developed new products such as PET preforms, bottles, jars, and caps; successfully produced new types of molds with complex technical requirements.
The company is standardizing production processes and manufacturing technologies (QA, KCS, 5S processes) and implementing an automation program to increase the automation rate from 90% to 95%."
DTT,2021,2021-12-31,v1,billion,VND,156.74,152.12,6.52,5.23,30.45,91.35,137.72,0.0,14.7,150.49,5.52,0.0,17.0,35.62,56.45,121.33,30.79,18.62,0.51,76.37,30.28,3.46,-0.42,4.16,-10.31,-10.3,8151820,,101.9,-5.7,425.0,0.1227,0.0,0.0,0.0,208,18,1,1,"Explored several new products in the molding and bottling segment and continued to produce many new mold sets of various types according to orders.
Continued implementation of the full automation program for all technical processes, continuing the roadmap to increase the automation rate to ≥ 95% across the entire factory."
DTT,2022,2022-12-31,v1,billion,VND,186.96,166.74,8.09,5.12,31.53,110.24,161.95,0.0,15.72,172.98,12.26,0.0,16.71,32.14,57.88,129.27,37.47,33.2,0.51,88.85,36.97,9.22,0.1928,18.34,-9.05,-9.04,8151820,,100.27,-0.06,1.131,0.1227,0.0,0.0,0.0,208,19,1,1,"Developed new products (PET preforms, bottles, jars, and caps) for domestic and export markets, and successfully produced high-tech molds.
Reorganized production equipment according to 5S standards (clean - green - food safety and hygiene) and maintained full automation of the production process."
DTT,2023,2023-12-31,v1,billion,VND,171.15,171.48,8.32,5.87,39.15,99.29,144.54,0.0,19.52,158.78,10.79,0.0,15.91,33.96,61.56,130.32,41.16,47.41,0.51,89.47,40.66,8.5,-0.95,9.32,-12.37,-11.86,8151820,,183.42,-6.47,1.043,0.1227,0.0,0.0,0.0,176,20,1,1,"Explored new molding and bottling products and produced new high-value mold sets.
The company shifted its production technology strategy from semi-automatic/manual processes to a new production process: primarily using automated equipment to produce products, with labor only involved in quality control, inspection, and packaging."
DTT,2024,2026-03-29,v1,billion,VND,197.39,181.44,10.41,6.65,31.0,110.68,163.79,0.0,15.45,182.94,15.53,0.0,15.19,35.75,65.02,134.21,47.23,60.97,0.51,98.09,46.72,11.42,0.1533,22.67,-12.57,-11.66,8151820,,169.15,-6.47,1.401,0.0,0.0,0.0,0.0,181,21,1,1,"Continued to develop new products (PET preforms, bottles, jars, and caps) and successfully produced complex mold types.
Continuing to implement new production processes (automated production) and assigning QC teams to directly control the input and output processes has helped reduce the defective rate by more than 50%."
GMX,2020,2020-12-31,v1,billion,VND,264.73,142.71,33.99,14.21,108.57,105.93,181.26,2.63,39.78,225.42,35.05,,1.18,18.85,38.92,93.05,49.06,31.61,2.0,57.88,47.06,27.06,-0.95,32.36,4.88,4.6,5314448,,116.92,10.63,3280.0,0.1296,0.0,0.0729,0.0201,365,17,0,1,The company applied advanced automation technologies to gradually replace manual labor in the production of decorative products.
GMX,2021,2021-12-31,v1,billion,VND,214.0,157.06,25.38,12.04,98.93,77.15,147.18,2.83,33.35,184.04,29.3,,9.91,17.85,47.26,106.28,50.78,15.71,5.33,45.19,45.45,23.45,-0.95,26.2,49.92,49.55,9034451,,269.23,5.42,2636.0,0.1212,0.0,0.0906,0.0446,361,18,0,0,
GMX,2022,2022-12-31,v1,billion,VND,286.8,188.35,32.67,18.09,124.14,104.7,178.76,3.94,43.16,239.74,56.42,,8.37,38.09,49.82,114.94,73.41,24.82,2.67,71.7,70.74,43.58,0.253835,44.73,4.56,4.1,9034451,,167.14,16.71,2832.0,0.1213,0.0,0.122,0.0629,353,19,0,1,The company tested and implemented blending processes to utilize low-quality clay as input material.
GMX,2023,2023-12-31,v1,billion,VND,193.39,167.78,19.59,13.98,110.7,53.05,129.18,2.21,29.1,169.7,30.19,,1.19,41.77,32.07,119.27,48.51,7.5,1.34,58.05,47.17,23.64,-0.95,9.29,1.13,0.81,9034451,,150.88,16.26,2041.0,0.11781,0.0,0.122,0.0629,335,20,0,0,
GMX,2024,2026-03-29,v1,billion,VND,164.81,160.37,16.86,13.63,69.15,35.09,111.97,2.48,17.96,109.74,21.52,,5.65,44.88,24.24,117.26,43.11,5.98,0.0,57.29,43.11,16.56,-0.95,20.83,3.7,1.57,9034451,,149.97,14.46,1377.0,0.1178,0.0,0.122,0.0629,303,21,0,0,
GTA,2020,2020-12-31,v1,billion,VND,568.24,508.43,9.95,19.26,263.94,353.82,499.84,14.44,11.86,528.85,22.92,,0.0,48.96,34.81,169.29,339.14,47.08,0.0,466.62,339.14,18.33,-0.95,24.01,6.4,17.89,9830000,,133.12,11.79,1864.0,0.0113,0.5121,0.125,0.0485,368,19,1,1,"The company developed multiple new product samples for marketing and exhibition at trade fairs, while investing in machinery, equipment, and supporting tools to reduce manual work in production."
GTA,2021,2021-12-31,v1,billion,VND,510.84,467.76,9.98,19.37,85.05,341.38,481.76,27.06,17.37,525.29,19.48,,0.0,86.88,32.72,167.38,300.38,19.28,0.0,431.15,300.38,15.67,-0.95,33.53,2.03,69.0,9830000,,189.28,11.78,926.0,0.0113,0.5121,0.125,0.0492,354,20,1,1,"The company developed new eco-friendly and easy-to-assemble product lines with in-house design capabilities, while reorganizing production lines, investing in highly automated machinery, and applying Industry 4.0 technologies in manufacturing management."
GTA,2022,2022-12-31,v1,billion,VND,489.51,376.13,8.99,19.67,80.92,301.43,435.32,20.12,12.1,470.65,16.08,,0.0,55.72,35.24,162.72,213.4,35.02,0.0,337.27,213.4,10.26,-0.95,20.6,7.62,60.34,9830000,,135.2,8.34,650.0,0.0114,0.5121,0.131,0.0515,342,21,1,1,"The company independently designed and produced product prototypes for market entry, while reinvesting in modern equipment to automate processes and reorganize production."
GTA,2023,2023-12-31,v1,billion,VND,249.21,338.06,5.2,15.22,31.6,97.18,226.96,34.36,9.15,194.61,12.98,,0.0,48.37,28.89,162.76,175.3,5.99,0.0,304.55,175.3,10.3,-0.95,19.18,0.31,10.56,9830000,,130.0,6.38,550.0,0.0114,0.5121,0.131,0.0515,335,22,1,1,"The company developed self-designed products and showcased new offerings on a 3D showroom, while manufacturing specialized machinery and improving production processes to eliminate redundant steps and reorganize production lines."
GTA,2024,2026-03-29,v1,billion,VND,261.39,319.68,7.04,17.74,43.05,119.17,233.8,51.62,14.86,242.1,9.69,,0.0,66.93,28.47,161.01,158.66,2.25,0.0,286.24,158.66,8.55,0.046595,34.96,3.9,52.79,9830000,,95.68,5.41,870.0,0.0114,0.5121,0.131,0.0515,330,23,1,1,"The company developed self-designed products for market launch and updated new offerings on a 3D showroom, while investing in modern machinery, producing supporting equipment, and reorganizing production lines."
HCD,2020,2020-12-31,v1,billion,VND,495.8,462.94,0.17,7.17,13.12,26.25,496.92,0.05,3.18,41.24,1.59,,11.82,143.96,61.85,341.08,121.86,9.85,14.34,338.85,107.52,1.43,-0.95,2.3,0.0,5.97,27000000,,90.45,0.0,52.8,0.128,0.0,0.0,0.0003,24,9,0,1,The company enhanced automation and improved production processes to reduce waste rates and save energy.
HCD,2021,2021-12-31,v1,billion,VND,732.48,554.42,0.05,4.27,9.42,23.75,750.33,0.69,2.46,34.98,54.82,,11.82,189.9,57.0,375.36,179.06,37.14,12.79,435.19,166.26,47.14,0.323125,5.46,11.62,19.76,27000000,,353.81,12.86,1745.87,0.168,0.0,0.0,0.0003,40,10,0,0,
HCD,2022,2022-12-31,v1,billion,VND,744.51,755.62,0.18,2.8,7.51,58.27,772.86,0.0,2.97,67.48,46.68,,11.82,290.84,52.67,415.56,340.06,35.55,3.71,524.72,336.35,40.2,0.016153,20.32,22.4,33.36,31589802,,232.84,0.0,1272.48,0.268,0.0,0.0,0.0015,45,11,1,1,"The company launched the HCDWOOD outdoor wood-plastic product line, initiating a new factory project and investing in dedicated production lines for these products."
HCD,2023,2023-12-31,v1,billion,VND,913.04,778.47,0.46,1.5,11.07,55.08,826.57,0.7,2.58,69.39,63.5,,11.82,284.5,182.68,451.65,326.81,58.24,0.0,575.52,326.81,51.86,0.184579,14.34,6.49,34.67,36958816,,280.89,15.77,1403.0,0.428,0.0,0.0,0.0022,50,12,0,0,
HCD,2024,2026-03-29,v1,billion,VND,869.27,812.02,0.4,3.98,19.87,43.81,790.4,0.36,3.84,66.85,37.76,,27.33,278.2,168.4,481.85,330.16,93.8,0.0,608.87,330.16,30.2,-0.95,60.84,15.51,10.8,36958816,,326.72,0.0,817.0,0.43,0.0,0.0,0.0022,50,13,0,0,
HVT,2020,2020-12-31,v1,billion,VND,709.37,462.47,47.92,32.19,87.36,401.29,46.13,9.6,627.65,33.7,37.83,,221.39,69.29,205.87,224.67,237.8,18.03,53.03,215.32,184.78,37.83,-0.95,149.83,74.95,823.93,10988059,,107.78,37.79,268900.0,0.035,0.6849,0.697,0.0017,336,14,1,1,"The company planned and began implementing a 9,000-ton/year water disinfectant production line to create a closed production chain and diversify products, while standardizing quality through an advanced membrane-based caustic soda production line to reduce costs."
HVT,2021,2021-12-31,v1,billion,VND,818.77,516.05,50.15,43.4,59.03,466.46,15.56,6.57,703.42,47.29,78.28,,306.92,78.76,157.1,283.71,232.34,5.25,24.18,302.54,208.16,78.28,0.1542,87.48,26.92,841.83,10988059,,193.23,41.52,622400.0,0.035,0.6849,0.703,0.0018,325,15,0,1,"The company completed a 10-year journey of technological innovation, modernizing and automating all production lines to reduce resource consumption and improve environmental safety."
HVT,2022,2022-12-31,v1,billion,VND,1376.19,688.4,89.75,47.41,52.05,793.74,82.15,49.77,1078.31,74.41,217.95,,467.18,138.71,138.77,437.18,251.22,33.62,0.81,459.48,250.41,217.95,0.6808,99.06,59.59,899.4,10988059,,165.01,16.48,1610900.0,0.035,0.6849,0.699,0.002,330,16,0,1,"The company invested in replacing electrolysis equipment and the main transformer system for HCl synthesis, increasing production capacity to 450 tons per day."
HVT,2023,2023-12-31,v1,billion,VND,1258.74,754.64,87.44,52.19,58.32,754.12,119.92,26.62,1058.91,87.89,84.02,,441.25,139.72,245.28,398.93,355.71,23.0,43.04,400.13,312.67,84.02,-0.95,179.54,248.4,1041.46,10988059,,204.31,76.91,615700.0,0.035,0.6849,0.7104,0.297,352,17,0,0,
HVT,2024,2026-03-29,v1,billion,VND,1455.9,844.73,102.65,22.37,78.66,841.32,133.47,8.93,1201.95,111.69,106.49,,404.33,136.51,324.79,456.11,388.62,34.09,35.11,389.4,353.51,106.49,0.1527,70.32,105.03,1218.51,27470046,,1191.76,32.95,771200.0,0.035,0.6849,0.6895,0.00128,377,18,1,1,"The new Vi-CHLORiNE disinfectant product was completed, commissioned, and commercially launched in May 2024, while the company accelerated digital transformation by digitizing records and documents."
LAF,2020,2020-12-31,v1,billion,VND,405.28,207.55,11.64,14.75,27.86,288.98,350.71,0.04,15.25,341.64,24.43,,0.03,73.27,61.02,158.56,48.98,11.9,2.55,128.1,46.43,24.25,-0.95,83.86,17.65,16.85,14728019,,184.07,,1647.0,0.8062,0.0,0.0239,0.0219,166,25,0,1,The company accelerated the restructuring of production processes and technological improvements.
LAF,2021,2021-12-31,v1,billion,VND,415.38,279.75,5.42,15.16,39.02,309.82,333.7,8.39,16.93,385.24,45.12,,0.01,120.32,73.07,196.46,83.29,24.51,2.77,189.4,80.52,39.63,0.024327,2.14,18.47,17.45,14728019,,353.42,,2439.0,0.8062,0.0,0.023,0.0202,167,26,0,1,"The company gradually implemented digital transformation across its production, business operations, and management."
LAF,2022,2022-12-31,v1,billion,VND,509.82,403.65,13.1,17.07,44.27,455.95,433.23,1.18,17.18,530.34,33.87,,0.0,231.38,81.32,487.05,216.59,12.85,2.74,305.32,213.85,25.74,0.185232,2.14,15.79,102.77,14728019,,213.52,,1748.0,0.0005,0.0,0.8279,0.0191,172,27,0,1,The company applied automation across production processes.
LAF,2023,2023-12-31,v1,billion,VND,431.5,332.14,14.7,17.27,45.09,325.02,292.32,15.64,12.54,401.89,37.28,,1.14,184.55,73.94,221.75,110.39,6.16,2.64,230.0,107.75,28.62,-0.95,101.05,17.67,4.27,14728019,,225.3,,1943.0,0.0006,0.0,0.828,0.0163,180,28,0,0,
LAF,2024,2026-03-29,v1,billion,VND,465.96,366.02,16.01,26.64,40.75,241.48,335.47,18.52,18.35,325.71,59.26,,1.6,131.91,82.28,247.22,118.8,8.92,2.51,262.38,116.29,44.95,0.073967,106.47,24.58,87.14,15228019,,290.1,,2557.0,0.0572,0.0,0.7853,0.026,182,29,0,0,
LDP,2020,2020-12-31,v1,billion,VND,252.79,217.61,41.49,60.95,46.11,63.33,158.9,2.07,18.69,158.77,-28.67,0.0,4.27,76.15,75.65,116.41,101.2,19.16,6.95,130.08,94.24,-25.97,-0.95,-8.93,-0.83,2.44,12703135,,152.44,0.0,-2826.0,0.0091,0.0,0.559,0.021,274,38,0,1,"Apply technical advancements and improve the production system to meet Vietnamese and international standards such as VietGAP, Global GAP, GACP..."
LDP,2021,2021-12-31,v1,billion,VND,161.9,215.92,30.45,41.01,32.23,40.78,80.71,1.79,14.64,110.16,8.64,0.0,0.74,54.57,60.72,153.38,62.54,65.16,4.06,144.28,58.48,37.87,-0.95,29.08,-7.69,33.92,12703135,,476.37,0.0,2981.0,0.003,0.0,0.2082,0.0027,215,39,0,1,"Ladophar aims to be at the forefront of technology, bringing in modern scientific and technical advancements to perfect its production system, meeting Vietnamese and international standards such as VietGAP, Global GAP, GACP, etc."
LDP,2022,2022-12-31,v1,billion,VND,187.41,228.39,39.72,23.11,52.83,76.15,81.48,0.0,28.34,172.41,-38.91,0.0,0.49,55.95,55.05,112.47,115.92,16.62,2.31,158.99,113.61,-38.91,0.1576,-76.96,-3.57,-10.17,12703135,,66.06,0.0,-3063.0,0.0,0.0,0.5601,0.0021,246,40,0,1,Establish a Cankina conservation center in Xuan Tho to preserve and store this valuable genetic resource.
LDP,2023,2023-12-31,v1,billion,VND,186.0,194.77,29.94,19.57,38.86,58.16,80.64,0.0,15.8,135.82,-19.16,0.0,0.23,37.75,46.33,92.37,102.41,16.2,1.72,139.99,100.69,-20.1,-0.75,6.04,-0.06,-1.52,12703135,,201.98,0.0,-1583.0,0.001,0.0,0.1986,0.0021,213,41,1,1,"LDP launches Lado Collagen, a product in the functional food line, to support body rejuvenation and improve consumer health.
Investing in expanding the area for growing and purchasing medicinal plants, and furthermore focusing on upgrading cultivation areas to GACP-WHO standardization, as well as meeting strict international standards, aims to improve the quantity and quality of input materials, indirectly promoting export sales."
LDP,2024,2026-03-29,v1,billion,VND,217.96,207.16,30.93,20.18,38.19,76.3,80.86,1.6,18.64,160.87,6.57,0.0,0.07,48.96,39.7,99.28,107.87,11.45,1.77,156.73,106.1,6.92,0.1718,8.77,-2.93,-2.59,12703135,,129.57,0.0,545.0,0.0,0.0,0.71,0.0003,247,42,1,1,"Ladophar has introduced Lado Revive, a dietary supplement specifically designed to support liver detoxification for those who frequently consume alcohol.
Investing in artichoke medicinal plant gardens in Xuan Tho and Lam Ha areas aims to improve the quality of raw materials."
MEL,2020,2020-12-31,v1,billion,VND,974.79,603.37,5.01,11.06,22.83,133.77,756.32,0.0,10.22,165.9,10.74,0.0,4.28,393.79,79.9,193.06,410.32,11.45,2.35,481.26,407.97,8.35,-0.95,94.29,-5.01,-4.97,15000000,,130.5,0.0,556.0,0.5046,0.0,0.0,0.0,74,18,0,1,The investment project for a combined steel cutting and coal processing plant in Hai Phong is nearing completion of phase 2. Phase 1 has entered stable operation and achieved profitable growth in 2020.
MEL,2021,2021-12-31,v1,billion,VND,687.53,706.99,4.06,11.46,18.38,166.81,403.71,0.0,6.43,195.24,78.41,0.0,4.26,494.23,73.63,256.07,450.92,7.32,2.7,618.51,448.22,63.02,-0.95,65.42,-2.22,20.33,15000000,,255.0,0.0,4201.0,0.4501,0.0,0.0,0.0,70,19,0,0,
MEL,2022,2022-12-31,v1,billion,VND,773.75,643.45,4.29,9.85,18.37,197.56,508.02,0.0,7.27,225.67,6.82,0.0,4.25,454.61,66.97,246.75,396.7,15.41,3.21,559.59,393.5,5.68,0.1254,9.89,-1.69,7.83,15000000,,115.5,0.0,378.0,0.1,0.0,0.0,0.0,70,20,0,0,
MEL,2023,2023-12-31,v1,billion,VND,670.82,648.5,4.55,8.84,20.01,163.51,445.56,0.0,11.56,192.3,5.18,0.0,4.25,480.52,60.55,648.5,397.3,8.16,2.65,572.08,394.65,4.45,-0.95,-126.66,0.0,0.01,15000000,,96.0,0.0,296.0,0.0,0.0,0.0,0.0,63,21,0,0,
MEL,2024,2026-03-29,v1,billion,VND,879.85,729.13,3.3,8.62,20.53,810.08,655.43,0.0,11.77,832.38,5.35,0.0,4.89,533.42,57.31,259.3,469.83,17.22,2.66,656.32,467.17,8.11,0.3116,-20.87,-3.19,-2.64,15000000,,100.5,0.0,540.0,0.0,0.0,0.0,0.0,60,22,0,0,
PLP,2020,2020-12-31,v1,billion,VND,1786.07,1281.23,32.3,21.89,88.63,687.56,890.31,0.0,60.16,810.73,44.03,0.0,13.19,277.86,196.41,443.69,837.53,36.47,119.88,771.41,717.65,39.8,0.701,-101.89,-2.91,-94.72,39999847,,389.2,0.0,995.0,0.21,0.0,0.06,0.0,243,12,1,1,"Investment in research and testing of new products: Talc and PS.
Investment in applying advanced technology to invent new production methods to improve quality."
PLP,2021,2021-12-31,v1,billion,VND,2412.72,2616.52,88.82,43.34,149.66,2277.47,100.24,0.0,92.11,2484.73,125.98,0.0,205.19,543.81,404.76,753.87,1862.65,42.21,139.47,1643.14,1723.18,122.17,0.3508,-270.42,-361.77,-340.61,39999847,,726.0,0.0,2871.0,0.246,0.0,0.0,0.0,530,13,1,1,"Started production of new products: moldings and trims.
Operating the supply chain through the application of the 5S management model, lean production, and automation"
PLP,2022,2022-12-31,v1,billion,VND,2857.49,2720.63,190.69,68.73,362.11,1341.89,903.19,0.0,268.96,1793.19,37.82,0.0,248.91,558.72,367.18,1135.93,1584.7,26.3,74.88,1783.22,1509.82,40.79,0.1415,-142.66,-19.28,-46.67,69999847,,287.0,0.0,551.0,0.215,0.0,0.0,0.0,369,14,0,0,
PLP,2023,2023-12-31,v1,billion,VND,1806.33,1743.4,29.34,24.86,85.72,804.77,818.34,0.0,48.14,929.42,24.52,0.0,12.06,288.22,167.68,791.49,951.91,17.03,13.92,1257.81,937.99,11.08,-0.95,78.98,-19.28,16.14,69999847,,294.0,0.0,158.0,0.2192,0.0,0.0,0.0,243,15,1,1,"Preparing to launch the PHALE QUANG HANH mineral water brand.
Pioneering the application of circular production solutions, recycling 100% of consumable materials. Officially operating the production line for new products (high-tech tiling materials) from Q4/2024 with technology combining virgin PVC and nano stone powder. Optimizing the ERP – SAP system to integrate management data."
PLP,2024,2026-03-29,v1,billion,VND,2002.72,2931.99,21.39,29.26,70.15,388.01,1672.58,0.0,50.68,489.25,50.9,0.0,11.68,366.22,350.11,800.31,1591.68,16.02,394.9,1514.44,1196.78,8.83,0.1248,-212.03,-276.5,-23.69,69999847,,327.6,-39.88,126.0,0.2147,0.0,0.0,0.0,133,16,1,1,Officially operating the production line for new high-tech tiling materials
TCR,2020,2020-12-31,v1,billion,VND,919.93,918.49,97.86,69.91,264.04,516.26,761.7,26.55,120.3,874.88,-32.97,0.0,0.81,377.0,245.75,459.13,459.36,93.2,6.05,638.64,453.32,-30.72,-0.95,35.44,-3.6,18.41,45425142,,156.74,0.0,-643.0,0.0,0.0,0.0,0.8816,813,50,1,0,"Launch of new innovative products in sizes 80x80, 60x60, and 40x40."
TCR,2021,2021-12-31,v1,billion,VND,934.63,977.33,95.12,52.15,226.06,612.48,764.73,25.43,113.83,961.71,7.93,0.0,0.22,447.81,234.98,470.48,506.85,46.85,8.31,717.65,498.54,10.55,0.016,26.23,-35.08,-34.68,45425142,,358.92,0.0,248.0,0.0,0.0,0.0,0.8816,716,51,1,0,"Development of new products including 2cm thick patterned inkjet tiles, 20x120cm wood-grain tiles, 60x120cm tiles, and 90x90cm tiles."
TCR,2022,2022-12-31,v1,billion,VND,1098.01,943.64,10.17,47.52,247.41,681.38,938.18,0.0,119.9,1056.47,-8.89,0.0,4.44,424.78,248.02,469.22,474.42,53.33,5.52,680.78,468.9,0.98,0.1748,51.8,-40.32,-39.65,45425142,,153.99,0.0,33.0,0.0,0.0,0.7453,0.7279,700,52,0,1,Establishment of a degreasing workshop and relocation of the edge grinding line to optimize processing and packaging.
TCR,2023,2023-12-31,v1,billion,VND,892.16,925.1,88.31,40.57,170.52,596.46,774.65,0.0,101.55,873.03,-9.6,0.0,4.44,424.78,236.09,425.92,499.18,64.94,0.17,664.16,499.01,-7.38,-0.95,-23.35,-51.58,-23.62,45425142,,144.0,0.0,-163.0,0.0,0.0,0.0,0.0,513,53,1,1,"Successful launch of new ceramic tile products at the Covering exhibition (USA); development of granular tiles, mosaic tiles, and glazed quartz tiles.
Invest $1,500,000 in new equipment for the third factory to improve the production process."
TCR,2024,2026-03-29,v1,billion,VND,908.71,987.29,7.09,34.11,143.91,711.8,845.74,0.0,86.01,961.64,-64.45,0.0,6.61,404.44,239.44,364.85,622.44,39.73,9.77,642.0,612.67,-61.07,0.0186,-22.97,-93.32,-92.11,45425142,,156.72,0.0,-1.344,0.0659,0.0,0.7616,0.8812,539,54,1,1,"Continued research and development of the following lines: homogeneous tiles, white base tiles, glazed quartz tiles, and granite tiles.
Invest $3,500,000 to improve machinery and production processes. Implement ""Total Informatization"": Handle the entire process from ordering, planning, production to warehousing on a computer system. Deploy smart energy monitoring technology and switch to using solar power in production."
